{
  "mahalanobis": {
    "healthy_mean": 0.3307041277014634,
    "healthy_std": 0.09417354931775775,
    "atrisk_mean": 0.5156309918529866,
    "atrisk_std": 0.15245690146400148,
    "separation": 0.18492686415152315
  },
  "copula": {
    "healthy_mean": 0.4900801354498666,
    "healthy_std": 0.12619308677452679,
    "atrisk_mean": 1.0,
    "atrisk_std": 0.0,
    "separation": 0.5099198645501334
  },
  "isolation_forest": {
    "healthy_mean": 0.4325795067551022,
    "healthy_std": 0.011858937375399886,
    "atrisk_mean": 0.43348507274838116,
    "atrisk_std": 0.012088922514263202,
    "separation": 0.0009055659932789561
  },
  "knn": {
    "healthy_mean": 0.6863598548537291,
    "healthy_std": 0.13255314930131323,
    "atrisk_mean": 0.888475613139964,
    "atrisk_std": 0.12115910934715494,
    "separation": 0.20211575828623496
  }
}